Transaction Number,Payer Name,State Name,Amount,Deposit Date
2.41E+14,NULL,NULL,NULL,10/1/2024
TZ95356721,NULL,NULL,NULL,10/1/2024
SW15459303,NULL,NULL,NULL,10/1/2024
TZ95337930,NULL,NULL,NULL,10/1/2024
TZ95337920,NULL,NULL,NULL,10/1/2024
TZ95337939,NULL,NULL,NULL,10/1/2024
TZ95337938,NULL,NULL,NULL,10/1/2024
TZ95337915,NULL,NULL,NULL,10/1/2024
TZ95337935,NULL,NULL,NULL,10/1/2024
TZ95337923,NULL,NULL,NULL,10/1/2024
TZ95337942,NULL,NULL,NULL,10/1/2024
SG14827608,NULL,NULL,NULL,10/1/2024
